Movie Name,Release Date,Verdict,Adjusted Net Gross,Genre,Runtime,Ratings,Budget,Production Banner,Actors,Director
Hum Aapke Hain Koun..!,1994-08-05,All Time Blockbuster,7112925540.0,Drama,206 min,75.05% (211 Ratings),62500000.0,Rajshri Productions Pvt. Ltd.,"['Madhuri Dixit', 'Salman Khan', 'Mohnish Bahl', 'Renuka Shahane']",Sooraj Barjatya
Dilwale Dulhania Le Jayenge,1995-10-20,All Time Blockbuster,4613371070.0,Love Story,189 min,78.33% (87 Ratings),40000000.0,Yash Raj Films,"['Shahrukh Khan', 'Kajol', 'Amrish Puri', 'Farida Jalal']",Aditya Chopra
Raja Hindustani,1996-11-11,All Time Blockbuster,3940565750.0,Love Story,171 min,57.12% (85 Ratings),57500000.0,Cineyug Films Pvt. Ltd.,"['Aamir Khan', 'Karisma Kapoor', 'Suresh Oberoi', 'Johny Lever']",Dharmesh Darshan
Border,1997-06-13,All Time Blockbuster,3566272110.0,Action,176 min,65.56% (36 Ratings),100000000.0,J.P. Films,"['Rakhee', 'Sunny Deol', 'Jackie Shroff', 'Suneil Shetty']",J.P. Dutta
Kuch Kuch Hota Hai,1998-10-16,All Time Blockbuster,3429229860.0,Love Story,185 min,70.80% (224 Ratings),100000000.0,Dharma Productions Pvt. Ltd.,"['Shahrukh Khan', 'Kajol', 'Rani Mukherjee', 'Farida Jalal']",Karan Johar
Karan Arjun,1995-01-13,Blockbuster,2876733210.0,Action,167 min,78.21% (39 Ratings),60000000.0,Filmkraft Pvt. Ltd.,"['Rakhee', 'Salman Khan', 'Shahrukh Khan', 'Kajol']",Rakesh Roshan
Dil To Pagal Hai,1997-10-31,Blockbuster,2838169040.0,Love Story,175 min,57.48% (206 Ratings),90000000.0,Yash Raj Films,"['Madhuri Dixit', 'Shahrukh Khan', 'Karisma Kapoor', 'Farida Jalal']",Yash Chopra
Hum Saath Saath Hain,1999-11-05,Blockbuster,2742576060.0,Drama,177 min,72.15% (79 Ratings),170000000.0,Rajshri Productions Pvt. Ltd.,"['Salman Khan', 'Karisma Kapoor', 'Saif Ali Khan', 'Tabu']",Sooraj Barjatya
Mohra,1994-07-01,Blockbuster,2068328190.0,Action,162 min,90.00% (12 Ratings),37500000.0,Trimurti Films Pvt. Ltd.,"['Naseeruddin Shah', 'Akshay Kumar', 'Suneil Shetty', 'Raveena Tandon']",Rajiv Rai
Raja,1995-06-02,Blockbuster,2051017590.0,Drama,151 min,60.00% (4 Ratings),42500000.0,Maruti Films,"['Sanjay Kapoor', 'Madhuri Dixit', 'Mukesh Khanna', 'Dalip Tahil']",Indra Kumar
Darr,1993-12-24,Blockbuster,1914360020.0,Thriller,177 min,62.14% (7 Ratings),32500000.0,Yash Raj Films,"['Sunny Deol', 'Juhi Chawla', 'Shahrukh Khan', 'Anupam Kher']",Yash Chopra
Agni Sakshi,1996-03-29,Blockbuster,1891760070.0,Thriller,142 min,60.71% (7 Ratings),47500000.0,Neha Films,"['Jackie Shroff', 'Nana Patekar', 'Manisha Koirala', 'Divya Dutta']",Partho Ghosh
Rangeela,1995-09-08,Blockbuster,1765488860.0,Love Story,143 min,70.91% (22 Ratings),45000000.0,Ram Gopal Varma Productions,"['Jackie Shroff', 'Aamir Khan', 'Urmila Matondkar', 'Gulshan Grover']",Ram Gopal Verma
Krantiveer,1994-07-22,Blockbuster,1552664650.0,Action,147 min,47.50% (2 Ratings),22500000.0,Mehul Movies Pvt. Ltd.,"['Dimple Kapadia', 'Nana Patekar', 'Atul Agnihotri', 'Mamta Kulkarni']",Mehul Kumar
Ishq,1997-11-28,Super Hit,2009760660.0,Masala,168 min,56.85% (27 Ratings),110000000.0,Baba Films,"['Aamir Khan', 'Ajay Devgn', 'Juhi Chawla', 'Kajol']",Indra Kumar
Pardes,1997-08-08,Super Hit,1969080750.0,Love Story,191 min,61.94% (165 Ratings),100000000.0,Mukta Arts,"['Shahrukh Khan', 'Amrish Puri', 'Mahima Chaudhary', 'Apoorva Agnihotri']",Subhash Ghai
Barsaat,1995-10-06,Super Hit,1909359180.0,Love Story,170 min,61.67% (3 Ratings),82500000.0,Vijayta Films,"['Bobby Deol', 'Twinkle Khanna', 'Raj Babbar', 'Mukesh Khanna']",Rajkumar Santoshi
Biwi No.1,1999-05-28,Super Hit,1898684310.0,Comedy,158 min,69.43% (35 Ratings),120000000.0,Puja Entertainment Ltd.,"['Anil Kapoor', 'Salman Khan', 'Karisma Kapoor', 'Tabu']",David Dhawan
Ziddi,1997-04-11,Super Hit,1786069240.0,Action,160 min,67.00% (10 Ratings),75000000.0,Ratan International,"['Sunny Deol', 'Raveena Tandon', 'Anupam Kher', 'Ashish Vidyarthi']",Guddu Dhanoa
Soldier,1998-11-20,Super Hit,1709037070.0,Action,154 min,65.00% (5 Ratings),82500000.0,Tips Industries Pvt. Ltd.,"['Rakhee', 'Bobby Deol', 'Preity Zinta', 'Farida Jalal']",Abbas - Mustan
Hero No. 1,1997-02-21,Super Hit,1676050760.0,Comedy,137 min,75.71% (7 Ratings),67500000.0,Puja Entertainment Ltd.,"['Govinda', 'Karisma Kapoor', 'Kader Khan', 'Paresh Rawal']",David Dhawan
Jeet,1996-08-23,Super Hit,1666241420.0,Action,164 min,79.58% (24 Ratings),72500000.0,Nadiadwala Grandson Entertainment,"['Sunny Deol', 'Salman Khan', 'Karisma Kapoor', 'Tabu']",Raj Kanwar
Pyaar To Hona Hi Tha,1998-07-24,Super Hit,1665375890.0,Love Story,161 min,85.29% (17 Ratings),75000000.0,Baba Films,"['Ajay Devgn', 'Kajol', 'Bijay Anand', 'Kashmira Shah']",Anees Bazmee
Khiladiyon Ka Khiladi,1996-06-14,Super Hit,1542759140.0,Action,160 min,68.93% (14 Ratings),67500000.0,DMS Films Pvt. Ltd.,"['Rekha', 'Akshay Kumar', 'Raveena Tandon', 'Inder Kumar']",Umesh Mehra
Ghatak,1996-11-08,Super Hit,1522851950.0,Action,152 min,72.50% (6 Ratings),62500000.0,Santoshi Productions,"['Sunny Deol', 'Meenakshi Sheshadri', 'Danny Denzongpa', 'Amrish Puri']",Rajkumar Santoshi
Raja Babu,1994-01-21,Super Hit,1515062180.0,Masala,150 min,73.00% (5 Ratings),23000000.0,Sapna Arts,"['Govinda', 'Karisma Kapoor', 'Shakti Kapoor', 'Aruna Irani']",David Dhawan
Pyaar Kiya To Darna Kya,1998-03-27,Super Hit,1502175400.0,Love Story,150 min,64.56% (34 Ratings),77500000.0,G.S. Entertainment Pvt. Ltd.,"['Dharmendra', 'Salman Khan', 'Kajol', 'Arbaaz Khan']",Sohail Khan
Saajan Chale Sasural,1996-04-12,Super Hit,1498136260.0,Masala,133 min,51.25% (4 Ratings),42500000.0,Anas Films Pvt. Ltd.,"['Govinda', 'Karisma Kapoor', 'Tabu', 'Kader Khan']",David Dhawan
Coolie No. 1,1995-06-30,Super Hit,1428893860.0,Masala,139 min,46.25% (4 Ratings),35000000.0,Puja Entertainment Ltd.,"['Govinda', 'Karisma Kapoor', 'Harish', 'Kanchan']",David Dhawan
Judaai,1997-02-28,Super Hit,1344841280.0,Drama,160 min,53.33% (3 Ratings),60000000.0,S.K. Films Enterprises,"['Anil Kapoor', 'Sridevi', 'Urmila Matondkar', 'Kader Khan']",Raj Kanwar
Bandit Queen,1996-01-26,Super Hit,1305411580.0,Drama,119 min,60.00% (2 Ratings),32500000.0,B.V. Video Graphics Pvt. Ltd. |  Kaleidoscope Entertainment Pvt. Ltd.,"['Seema Biswas', 'Nirmal Pandey', 'Manoj Bajpai', 'Rajesh Vivek']",Shekhar Kapur
Hum Aapke Dil Mein Rehte Hain,1999-01-22,Super Hit,1297044790.0,Drama,165 min,42.50% (2 Ratings),62500000.0,Suresh Productions Pvt. Ltd.,"['Anil Kapoor', 'Kajol', 'Anupam Kher', 'Shakti Kapoor']",Satish Kaushik
Dilwale,1994-02-04,Super Hit,1232803230.0,Drama,165 min,46.00% (5 Ratings),21000000.0,S.P. Creations,"['Ajay Devgn', 'Suneil Shetty', 'Raveena Tandon', 'Paresh Rawal']",Harry Baweja
Bewafa Sanam,1995-05-12,Super Hit,632221580.0,Love Story,145 min,20.00% (1 Ratings),12500000.0,Super Cassettes Industries Pvt. Ltd.,"['Krishan Kumar', 'Shilpa Shirodkar', 'Sagar', 'Aruna Irani']",Gulshan Kumar
Hum Dil De Chuke Sanam,1999-06-18,Hit,1716923010.0,Love Story,184 min,68.26% (43 Ratings),160000000.0,Sanjay Leela Bhansali Films,"['Salman Khan', 'Ajay Devgn', 'Aishwarya Rai', 'Zohra Sehgal']",Sanjay Leela Bhansali
Gupt,1997-07-04,Hit,1681628620.0,Thriller,163 min,70.83% (6 Ratings),95000000.0,Trimurti Films Pvt. Ltd.,"['Bobby Deol', 'Manisha Koirala', 'Kajol', 'Prem Chopra']",Rajiv Rai
Bade Miyan Chote Miyan,1998-10-16,Hit,1569205890.0,Masala,144 min,63.57% (7 Ratings),120000000.0,Epic Enterprises,"['Amitabh Bachchan', 'Govinda', 'Raveena Tandon', 'Ramya Krishnan']",David Dhawan
Sarfarosh,1999-04-30,Hit,1313586030.0,Drama,158 min,62.62% (21 Ratings),80000000.0,Cinematt Pictures Pvt. Ltd.,"['Naseeruddin Shah', 'Aamir Khan', 'Sonali Bendre', 'Mukesh Rishi']",John M. Matthan
Judwaa,1997-02-07,Hit,1311181780.0,Masala,139 min,66.90% (21 Ratings),62500000.0,Nadiadwala Grandson Entertainment,"['Salman Khan', 'Karisma Kapoor', 'Rambha', 'Kader Khan']",David Dhawan
Laadla,1994-03-25,Hit,1262519760.0,Masala,165 min,45.00% (2 Ratings),32500000.0,Neha Arts,"['Anil Kapoor', 'Sridevi', 'Raveena Tandon', 'Farida Jalal']",Raj Kanwar
Kachche Dhaage,1999-02-19,Hit,1259346150.0,Action,142 min,55.71% (7 Ratings),100000000.0,Tips Industries Pvt. Ltd.,"['Ajay Devgn', 'Saif Ali Khan', 'Manisha Koirala', 'Namrata Shirodkar']",Milan Luthria
Deewana Mastana,1997-10-10,Hit,1162118280.0,Comedy,139 min,86.67% (3 Ratings),70000000.0,M.K.D. Films,"['Anil Kapoor', 'Govinda', 'Juhi Chawla', 'Johny Lever']",David Dhawan
Sabse Bada Khiladi,1995-06-09,Hit,1144134490.0,Action,166 min,81.25% (4 Ratings),40000000.0,DMS Films Pvt. Ltd.,"['Akshay Kumar', 'Mamta Kulkarni', 'Mohnish Bahl', 'Gulshan Grover']",Umesh Mehra
Dulhe Raja,1998-07-10,Hit,1139903010.0,Comedy,149 min,73.75% (4 Ratings),50000000.0,Eastern Films,"['Govinda', 'Raveena Tandon', 'Kader Khan', 'Prem Chopra']",Harmesh Malhotra
Jaan,1996-05-17,Hit,1101435010.0,Action,168 min,80.00% (5 Ratings),47500000.0,Suneha Arts,"['Ajay Devgn', 'Twinkle Khanna', 'Amrish Puri', 'Vivek Mushran']",Raj Kanwar
Haseena Maan Jayegi,1999-06-25,Hit,1092202690.0,Comedy,147 min,45.00% (4 Ratings),90000000.0,Rahul Productions,"['Sanjay Dutt', 'Govinda', 'Karisma Kapoor', 'Pooja Batra']",David Dhawan
Satya,1998-07-03,Hit,1078738890.0,Drama,167 min,72.50% (4 Ratings),25000000.0,Ram Gopal Varma Productions,"['J.D. Chakravarthi', 'Urmila Matondkar', 'Paresh Rawal', 'Manoj Bajpai']",Ram Gopal Verma
Main Khiladi Tu Anari,1994-09-23,Hit,1066717640.0,Masala,180 min,65.00% (4 Ratings),32500000.0,United Seven Entertainment Ltd.,"['Akshay Kumar', 'Saif Ali Khan', 'Shilpa Shetty', 'Raageshwari']",Sameer Malkan
Ghulam,1998-06-19,Hit,1054407880.0,Drama,156 min,55.28% (18 Ratings),72500000.0,Vishesh Films Pvt. Ltd.,"['Aamir Khan', 'Rani Mukherjee', 'Rajit Kapoor', 'Mita Vashisht']",Vikram Bhatt
Bandhan,1998-10-02,Hit,1035173880.0,Drama,156 min,63.25% (20 Ratings),57500000.0,Siddhi Vinayak Creations,"['Jackie Shroff', 'Salman Khan', 'Rambha', 'Ashwini Bhave']",K. Murali Mohana Rao
Virasat,1997-05-30,Hit,1013535630.0,Drama,161 min,65.00% (4 Ratings),45000000.0,M.R. Productions,"['Anil Kapoor', 'Tabu', 'Pooja Batra', 'Amrish Puri']",Priyadarshan
Ram Jaane,1995-12-01,Hit,975836990.0,Action,157 min,41.59% (110 Ratings),37500000.0,Eagle Films Pvt. Ltd.,"['Shahrukh Khan', 'Juhi Chawla', 'Vivek Mushran', 'Pankaj Kapoor']",Rajiv Mehra
Vijaypath,1994-08-05,Hit,972855720.0,Action,160 min,31.67% (3 Ratings),27500000.0,Time Magnetics Pvt. Ltd.,"['Ajay Devgn', 'Tabu', 'Suresh Oberoi', 'Gulshan Grover']",Faroogh Siddiqui
Yes Boss,1997-07-18,Hit,958911070.0,Drama,158 min,54.26% (162 Ratings),50000000.0,United Seven Entertainment Ltd.,"['Aditya Pancholi', 'Shahrukh Khan', 'Juhi Chawla', 'Gulshan Grover']",Aziz Mirza
Suhaag,1994-11-04,Hit,935830270.0,Masala,158 min,60.83% (6 Ratings),30000000.0,Shweta International,"['Ajay Devgn', 'Akshay Kumar', 'Karisma Kapoor', 'Nagma']",Kuku Kohli
Daag - The Fire,1999-02-12,Hit,920731580.0,Action,166 min,56.67% (3 Ratings),67500000.0,Inderjit Films Combine,"['Sanjay Dutt', 'Chandrachur Singh', 'Mahima Chaudhary', 'Raj Babbar']",Raj Kanwar
Elaan,1994-01-21,Hit,877743590.0,Action,140 min,55.00% (4 Ratings),18500000.0,Tridev Arts,"['Akshay Kumar', 'Amrish Puri', 'Madhoo', 'Farida Jalal']",Guddu Dhanoa
Yeh Dillagi,1994-05-06,Hit,831774330.0,Love Story,148 min,45.00% (3 Ratings),20000000.0,Aditya Films,"['Akshay Kumar', 'Kajol', 'Saif Ali Khan', 'Saeed Jaffrey']",Naresh Malhotra
Chachi 420,1997-12-19,Hit,792056120.0,Comedy,162 min,62.50% (4 Ratings),45000000.0,Raajkamal Films International,"['Kamal Hassan', 'Amrish Puri', 'Om Puri', 'Tabu']",Kamal Hassan
Tere Mere Sapne,1996-12-06,Hit,664727040.0,Rom - Com,146 min,51.00% (5 Ratings),30000000.0,AB Corp Ltd.,"['Chandrachur Singh', 'Arshad Warsi', 'Priya Gill', 'Simran']",Joy Augustine
Ravan Raaj,1995-06-23,Hit,655110040.0,Action,149 min,100.00% (2 Ratings),25000000.0,Maa Sherawali Productions,"['Mithun Chakraborty', 'Madhoo', 'Aditya Pancholi', 'Harish']",T. Rama Rao
Masoom,1996-05-24,Hit,550669420.0,Drama,154 min,20.00% (1 Ratings),17500000.0,Mateshwari Films,"['Inder Kumar', 'Ayesha Jhulka', 'Omkar Kapoor', 'Mohan Joshi']",Mahesh Kothare
Fareb,1996-06-28,Hit,377755760.0,Thriller,137 min,0.00% (0 Ratings),12500000.0,Vishesh Films Pvt. Ltd. |  Zee Network,"['Faraaz Khan', 'Suman Ranganathan', 'Milind Gunaji', 'Vishwajeet Pradhan']",Vikram Bhatt
Taal,1999-08-13,Semi Hit,1389752670.0,Love Story,159 min,78.46% (13 Ratings),150000000.0,Mukta Arts,"['Anil Kapoor', 'Akshaye Khanna', 'Aishwarya Rai', 'Alok Nath']",Subhash Ghai
Major Saab,1998-06-26,Semi Hit,1093645240.0,Action,156 min,67.50% (4 Ratings),87500000.0,AB Corp Ltd.,"['Amitabh Bachchan', 'Ajay Devgn', 'Sonali Bendre', 'Nafisa Ali']",Tinnu Anand
Yeshwant,1997-02-07,Semi Hit,1071237630.0,Drama,144 min,97.50% (4 Ratings),57500000.0,Shalimar International,"['Nana Patekar', 'Madhoo', 'Atul Agnihotri', 'Mohan Joshi']",Anil Mattoo
Diljale,1996-09-27,Semi Hit,944004720.0,Action,163 min,89.00% (5 Ratings),55000000.0,S.P. Creations,"['Ajay Devgn', 'Madhoo', 'Sonali Bendre', 'Parmeet Sethi']",Harry Baweja
Jab Pyaar Kisise Hota Hai,1998-05-22,Semi Hit,940638770.0,Love Story,164 min,65.23% (22 Ratings),65000000.0,Tips Industries Pvt. Ltd.,"['Salman Khan', 'Twinkle Khanna', 'Johny Lever', 'Anupam Kher']",Deepak Sareen
Vaastav,1999-10-15,Semi Hit,884571660.0,Action,147 min,81.11% (9 Ratings),75000000.0,Adishakti Films,"['Sanjay Dutt', 'Namrata Shirodkar', 'Mohnish Bahl', 'Ektaa']",Mahesh Manjrekar
Jaanwar,1999-12-24,Semi Hit,866876380.0,Action,168 min,83.33% (3 Ratings),62500000.0,Shree Krishna International,"['Akshay Kumar', 'Karisma Kapoor', 'Shilpa Shetty', 'Mohnish Bahl']",Suneel Darshan
Khuddar,1994-03-25,Semi Hit,866010850.0,Action,167 min,0.00% (0 Ratings),19500000.0,Ratan International,"['Govinda', 'Karisma Kapoor', 'Shakti Kapoor', 'Kader Khan']",Iqbal Durrani
Mr. & Mrs. Khiladi,1997-10-10,Semi Hit,818887550.0,Comedy,142 min,80.71% (7 Ratings),57500000.0,DMS Films Pvt. Ltd.,"['Akshay Kumar', 'Juhi Chawla', 'Kader Khan', 'Paresh Rawal']",David Dhawan
Hogi Pyar Ki Jeet,1999-05-07,Semi Hit,815040750.0,Masala,156 min,42.50% (2 Ratings),60000000.0,Shweta International,"['Ajay Devgn', 'Arshad Warsi', 'Neha', 'Mayuri Kango']",P. Vasu
Loafer,1996-06-07,Semi Hit,783881670.0,Masala,137 min,70.00% (1 Ratings),40000000.0,S.K. Films Enterprises,"['Anil Kapoor', 'Juhi Chawla', 'Gulshan Grover', 'Shakti Kapoor']",David Dhawan
Ghulam-E-Musthafa,1997-10-31,Semi Hit,766859580.0,Drama,152 min,45.00% (2 Ratings),55000000.0,S.G.S. Cine Arts International,"['Nana Patekar', 'Raveena Tandon', 'Paresh Rawal', 'Aruna Irani']",Partho Ghosh
Anari No.1,1999-04-09,Semi Hit,760897040.0,Comedy,163 min,0.00% (0 Ratings),67500000.0,A.K. International,"['Govinda', 'Raveena Tandon', 'Simran', 'Aruna Irani']",Kuku Kohli
Bhai,1997-10-31,Semi Hit,754645990.0,Action,152 min,73.33% (3 Ratings),47500000.0,Yashish Enterprises,"['Suneil Shetty', 'Sonali Bendre', 'Pooja Batra', 'Shakti Kapoor']",Deepak Shivdasani
Saajan Ka Ghar,1994-04-29,Semi Hit,733392420.0,Drama,156 min,40.00% (1 Ratings),17500000.0,Roopvati Pictures,"['Rishi Kapoor', 'Juhi Chawla', 'Deepak Tijori', 'Farheen']",Surendra Kumar Bohra
Anth,1994-06-10,Semi Hit,707234180.0,Action,141 min,0.00% (0 Ratings),16500000.0,Ashok Honda Productions,"['Suneil Shetty', 'Somy Ali', 'Paresh Rawal', 'Mohan Joshi']",Sanjay Khanna
Cheetah,1994-06-24,Semi Hit,695116760.0,Action,138 min,90.00% (1 Ratings),18500000.0,Aabha Films,"['Mithun Chakraborty', 'Ashwini Bhave', 'Shikha Swaroop', 'Gulshan Grover']",Harmesh Malhotra
Gopi Kishen,1994-12-02,Semi Hit,660880240.0,Masala,165 min,87.50% (2 Ratings),21500000.0,Prince & Prince International,"['Suneil Shetty', 'Shilpa Shirodkar', 'Karisma Kapoor', 'Aruna Irani']",Mukesh Duggal
Jallaad,1995-09-15,Semi Hit,593561240.0,Action,155 min,52.50% (2 Ratings),27500000.0,Aabha Films,"['Mithun Chakraborty', 'Madhoo', 'Rambha', 'Moushumi Chatterjee']",T.L.V. Prasad
Kabhi Haan Kabhi Naa,1994-02-25,Semi Hit,590676140.0,Rom - Com,154 min,97.50% (4 Ratings),14000000.0,Legend Films,"['Shahrukh Khan', 'Deepak Tijori', 'Suchitra Krishnamurthy', 'Naseeruddin Shah']",Kundan Shah
Salaami,1994-03-18,Semi Hit,516913750.0,Love Story,143 min,0.00% (0 Ratings),11000000.0,Tess Mirza Films Pvt. Ltd.,"['Ayub Khan', 'Samyukta Singh', 'Roshni Jaffery', 'Kabir Bedi']",Sharookh Mirza
Shapath,1997-12-12,Semi Hit,476137670.0,Action,144 min,95.00% (1 Ratings),27500000.0,Aabha Films,"['Mithun Chakraborty', 'Jackie Shroff', 'Ramya Krishnan', 'Vineeta']",Rajiv Babbar
Sirf Tum,1999-06-04,Semi Hit,419205030.0,Love Story,165 min,67.50% (2 Ratings),30000000.0,Narsimha Enterprises,"['Sanjay Kapoor', 'Priya Gill', 'Mohnish Bahl', 'Johny Lever']",Ahathian
Chandaal,1998-03-13,Semi Hit,350924330.0,Action,133 min,90.00% (1 Ratings),20000000.0,Aabha Films,"['Mithun Chakraborty', 'Sneha', 'Emesha Nagi', 'Rami Reddy']",T.L.V. Prasad
Aastha,1997-01-03,Semi Hit,262640270.0,Drama,132 min,0.00% (0 Ratings),15000000.0,Aarohi Film Makers,"['Rekha', 'Om Puri', 'Dinesh Thakur', 'Anwesha Bhattacharya']",Basu Bhattacharya
Munnibai,1999-07-30,Semi Hit,130021840.0,Action,113 min,75.00% (1 Ratings),4000000.0,Gulab Films,"['Dharmendra', 'Sapna', 'Durgesh Nandini', 'Mohan Joshi']",Kanti Shah
Murdaa,1998-08-14,Semi Hit,66549640.0,Horror,125 min,0.00% (0 Ratings),2500000.0,2000 Films,"['Poonam Dasgupta', 'Raj Premi', 'Sapna', 'Gulshan Rana']",Kishan Shah
Koyla,1997-04-18,Average,1405813060.0,Action,162 min,44.77% (107 Ratings),120000000.0,Filmkraft Pvt. Ltd.,"['Shahrukh Khan', 'Madhuri Dixit', 'Amrish Puri', 'Ranjeet']",Rakesh Roshan
Mann,1999-07-09,Average,1152405110.0,Love Story,181 min,55.00% (18 Ratings),140000000.0,Maruti International,"['Aamir Khan', 'Manisha Koirala', 'Sharmila Tagore', 'Dipti Bhatnagar']",Indra Kumar
Aatish,1994-06-17,Average,1127881760.0,Action,163 min,86.67% (3 Ratings),40000000.0,Sippy Films Pvt. Ltd.,"['Sanjay Dutt', 'Aditya Pancholi', 'Raveena Tandon', 'Karisma Kapoor']",Sanjay Gupta
Hindustan Ki Kasam,1999-07-23,Average,1091721840.0,Action,153 min,70.00% (2 Ratings),130000000.0,Ajay Devgn Films,"['Amitabh Bachchan', 'Ajay Devgn', 'Manisha Koirala', 'Sushmita Sen']",Veeru Devgan
Baadshah,1999-08-27,Average,1060755100.0,Comedy,171 min,47.65% (132 Ratings),110000000.0,Venus Records & Tapes Pvt. Ltd.,"['Rakhee', 'Shahrukh Khan', 'Twinkle Khanna', 'Amrish Puri']",Abbas - Mustan
China Gate,1998-11-27,Average,1001610550.0,Action,163 min,52.50% (2 Ratings),92500000.0,Santoshi Productions,"['Om Puri', 'Naseeruddin Shah', 'Danny Denzongpa', 'Amrish Puri']",Rajkumar Santoshi
Krishna,1996-08-02,Average,960930640.0,Action,159 min,86.67% (3 Ratings),62500000.0,Time Magnetics Pvt. Ltd.,"['Suneil Shetty', 'Karisma Kapoor', 'Shakti Kapoor', 'Tinnu Anand']",S. Deepak
Ajay,1996-12-27,Average,959007240.0,Action,167 min,0.00% (0 Ratings),60000000.0,Shree Krishna International,"['Sunny Deol', 'Karisma Kapoor', 'Reena Roy', 'Suresh Oberoi']",Suneel Darshan
Arjun Pandit,1999-08-20,Average,876878060.0,Action,145 min,65.00% (2 Ratings),95000000.0,Ratan International,"['View Full Cast & Crew', 'SYNOPSIS', ""Arjun Dixit lives a middle class and common man life in Rishikesh. All is well for him until he sees Nisha, and subsequently falls head over heels in love with her. She is also attracted to him, and he announces that he wants to marry her at any cost. That's when Nisha shows her true colours and entraps Arjun Read More"", 'INDIA TERRITORY COLLECTIONS']",nan
Anjaam,1994-04-22,Average,851489180.0,Drama,165 min,92.50% (4 Ratings),26500000.0,Shiv Bharat Films,"['Madhuri Dixit', 'Shahrukh Khan', 'Deepak Tijori', 'Tinnu Anand']",Rahul Rawail
Gadar - Ek Prem Katha,2001-06-15,All Time Blockbuster,4863605410.0,Action,178 min,65.00% (108 Ratings),190000000.0,Zee Motion Pictures,"['Sunny Deol', 'Ameesha Patel', 'Amrish Puri', 'Lillete Dubey']",Anil Sharma
3 Idiots,2009-12-24,All Time Blockbuster,3056763450.0,Drama,170 min,71.86% (271 Ratings),770000000.0,Vidhu Vinod Chopra Productions,"['Aamir Khan', 'Kareena Kapoor', 'R. Madhavan', 'Sharman Joshi']",Rajkumar Hirani
Kabhi Khushi Kabhie Gham...,2001-12-14,Blockbuster,2997907410.0,Drama,210 min,67.92% (307 Ratings),400000000.0,Dharma Productions Pvt. Ltd.,"['Amitabh Bachchan', 'Jaya Bachchan', 'Shahrukh Khan', 'Kajol']",Karan Johar
Kaho Naa... Pyaar Hai,2000-01-14,Blockbuster,2948860710.0,Love Story,171 min,74.73% (55 Ratings),100000000.0,Filmkraft Pvt. Ltd.,"['Hrithik Roshan', 'Ameesha Patel', 'Anupam Kher', 'Dalip Tahil']",Rakesh Roshan
Mohabbatein,2000-10-27,Blockbuster,2569950910.0,Love Story,216 min,58.92% (199 Ratings),190000000.0,Yash Raj Films,"['Amitabh Bachchan', 'Shahrukh Khan', 'Aishwarya Rai', 'Uday Chopra']",Aditya Chopra
Ghajini,2008-12-25,Blockbuster,2309426380.0,Action,179 min,63.91% (101 Ratings),520000000.0,Geetha Arts,"['Aamir Khan', 'Asin', 'Jiah Khan', 'Pradeep Rawat']",A.R. Murugadoss
Dhoom 2,2006-11-24,Blockbuster,2073136690.0,Action,152 min,50.00% (124 Ratings),420000000.0,Yash Raj Films,"['Hrithik Roshan', 'Abhishek Bachchan', 'Aishwarya Rai', 'Uday Chopra']",Sanjay Gadhvi
Krrish,2006-06-23,Blockbuster,1886566890.0,Action,175 min,75.42% (36 Ratings),400000000.0,Filmkraft Pvt. Ltd.,"['Rekha', 'Hrithik Roshan', 'Priyanka Chopra', 'Naseeruddin Shah']",Rakesh Roshan
Om Shanti Om,2007-11-09,Blockbuster,1728559580.0,Masala,162 min,55.30% (268 Ratings),400000000.0,Eros International |  Red Chillies Entertainment,"['Shahrukh Khan', 'Deepika Padukone', 'Arjun Rampal', 'Shreyas Talpade']",Farah Khan
Lage Raho Munnabhai,2006-09-01,Blockbuster,1695957950.0,Drama,146 min,80.20% (25 Ratings),190000000.0,Vidhu Vinod Chopra Productions,"['Sanjay Dutt', 'Arshad Warsi', 'Vidya Balan', 'Boman Irani']",Rajkumar Hirani
Rab Ne Bana Di Jodi,2008-12-12,Blockbuster,1658259310.0,Love Story,166 min,58.12% (213 Ratings),390000000.0,Yash Raj Films,"['Shahrukh Khan', 'Anushka Sharma', 'Vinay Pathak', 'Manmeet Singh']",Aditya Chopra
Raaz,2002-02-01,Blockbuster,1234822800.0,Horror,149 min,76.11% (9 Ratings),52500000.0,Tips Industries Pvt. Ltd. |  Vishesh Films Pvt. Ltd.,"['Dino Morea', 'Bipasha Basu', 'Ashutosh Rana', 'Malini Sharma']",Vikram Bhatt
Vivah,2006-11-10,Blockbuster,984876970.0,Drama,163 min,85.00% (6 Ratings),80000000.0,Rajshri Productions Pvt. Ltd.,"['Shahid Kapoor', 'Amrita Rao', 'Anupam Kher', 'Alok Nath']",Sooraj Barjatya
Koi Mil Gaya,2003-08-08,Super Hit,1868775440.0,Sci Fi / Fantasy,171 min,86.60% (25 Ratings),300000000.0,Filmkraft Pvt. Ltd.,"['Rekha', 'Hrithik Roshan', 'Preity Zinta', 'Rakesh Roshan']",Rakesh Roshan
Welcome,2007-12-21,Super Hit,1604788790.0,Comedy,159 min,83.33% (18 Ratings),480000000.0,Base Industries Group,"['Feroz Khan', 'Anil Kapoor', 'Nana Patekar', 'Akshay Kumar']",Anees Bazmee
Partner,2007-07-20,Super Hit,1392349260.0,Comedy,155 min,72.18% (39 Ratings),280000000.0,Eros International |  Sohail Khan Productions,"['Govinda', 'Salman Khan', 'Lara Datta', 'Katrina Kaif']",David Dhawan
Singh Is Kinng,2008-08-08,Super Hit,1349072760.0,Masala,135 min,82.05% (22 Ratings),500000000.0,Blockbuster Movie Entertainers |  Hari Om Entertainment,"['Akshay Kumar', 'Katrina Kaif', 'Om Puri', 'Kirron Kher']",Anees Bazmee
Chak De India,2007-08-10,Super Hit,1344745110.0,Drama,152 min,70.55% (208 Ratings),220000000.0,Yash Raj Films,"['Shahrukh Khan', 'Vidya Mallavde', 'Tanya Abrol', 'Sagarika Ghatge']",Shimit Amin
Fanaa,2006-05-26,Super Hit,1341282990.0,Love Story,168 min,64.53% (32 Ratings),300000000.0,Yash Raj Films,"['Aamir Khan', 'Kajol', 'Rishi Kapoor', 'Tabu']",Kunal Kohli
Veer Zaara,2004-11-12,Super Hit,1284158010.0,Love Story,192 min,55.59% (178 Ratings),230000000.0,Yash Raj Films,"['Shahrukh Khan', 'Preity Zinta', 'Rani Mukherjee', 'Manoj Bajpai']",Yash Chopra
No Entry,2005-08-26,Super Hit,1272809950.0,Comedy,158 min,69.03% (36 Ratings),240000000.0,S.K. Films Enterprises,"['Anil Kapoor', 'Salman Khan', 'Fardeen Khan', 'Bipasha Basu']",Anees Bazmee
Taare Zameen Par,2007-12-21,Super Hit,1200682450.0,Drama,165 min,68.11% (74 Ratings),180000000.0,Aamir Khan Productions,"['Aamir Khan', 'Darsheel Safary', 'Tisca Chopra', 'Tanay Chheda']",Aamir Khan
Phir Hera Pheri,2006-06-09,Super Hit,1113167750.0,Comedy,153 min,97.08% (12 Ratings),180000000.0,Base Industries Group,"['Akshay Kumar', 'Suneil Shetty', 'Paresh Rawal', 'Bipasha Basu']",Neeraj Vora
Bunty Aur Babli,2005-05-27,Super Hit,1083162710.0,Comedy,164 min,82.00% (5 Ratings),125000000.0,Yash Raj Films,"['Amitabh Bachchan', 'Abhishek Bachchan', 'Rani Mukherjee', 'Raj Babbar']",Shaad Ali
Mujhe Kucch Kehna Hai,2001-05-25,Super Hit,1063351690.0,Love Story,144 min,74.58% (12 Ratings),70000000.0,Puja Entertainment Ltd.,"['Tusshar Kapoor', 'Kareena Kapoor', 'Rinke Khanna', 'Amrish Puri']",Satish Kaushik
Ajab Prem Ki Ghazab Kahani,2009-11-06,Super Hit,1054696390.0,Comedy,162 min,60.00% (54 Ratings),440000000.0,Tips Industries Pvt. Ltd.,"['Ranbir Kapoor', 'Katrina Kaif', 'Upen Patel', 'Darshan Jariwala']",Rajkumar Santoshi
Dhoom,2004-08-27,Super Hit,980741660.0,Action,123 min,67.86% (7 Ratings),110000000.0,Yash Raj Films,"['Abhishek Bachchan', 'Uday Chopra', 'John Abraham', 'Esha Deol']",Sanjay Gadhvi
Jaane Tu... Ya Jaane Na,2008-07-04,Super Hit,905536720.0,Love Story,155 min,89.62% (13 Ratings),150000000.0,Aamir Khan Productions |  PVR Pictures,"['Imran Khan', ""Genelia D'Souza"", 'Manjari Fadnis', 'Ayaz Khan']",Abbas Tyrewala
Kya Kehna,2000-05-19,Super Hit,737720070.0,Drama,155 min,80.00% (2 Ratings),40000000.0,Tips Industries Pvt. Ltd.,"['Saif Ali Khan', 'Chandrachur Singh', 'Preity Zinta', 'Anupam Kher']",Kundan Shah
Malamaal Weekly,2006-03-10,Super Hit,731661360.0,Comedy,137 min,95.00% (2 Ratings),70000000.0,Percept Picture Company,"['Paresh Rawal', 'Om Puri', 'Riteish Deshmukh', 'Reema Sen']",Priyadarshan
Jannat,2008-05-16,Super Hit,642800280.0,Drama,138 min,80.00% (2 Ratings),100000000.0,Vishesh Films Pvt. Ltd.,"['Emraan Hashmi', 'Sonal Chauhan', 'Samir Kochhar', 'Vishal Malhotra']",Kunal Deshmukh
Murder,2004-04-02,Super Hit,512201420.0,Thriller,130 min,49.38% (8 Ratings),50000000.0,Vishesh Films Pvt. Ltd.,"['Emraan Hashmi', 'Ashmit Patel', 'Mallika Sherawat', 'Raj Zutshi']",Anurag Basu
Devdas,2002-07-12,Hit,1976582010.0,Love Story,185 min,54.77% (174 Ratings),440000000.0,Mega Bollywood Pvt.Ltd.,"['Shahrukh Khan', 'Madhuri Dixit', 'Aishwarya Rai', 'Jackie Shroff']",Sanjay Leela Bhansali
Lagaan,2001-06-15,Hit,1865120980.0,Drama,218 min,66.23% (61 Ratings),240000000.0,Aamir Khan Productions,"['Aamir Khan', 'Gracy Singh', 'Rachel Shelley', 'Paul Blackthorne']",Ashutosh Gowariker
Indian,2001-10-26,Hit,1542759140.0,Action,174 min,42.00% (5 Ratings),150000000.0,Sunny Super Sound,"['Sunny Deol', 'Shilpa Shetty', 'Raj Babbar', 'Danny Denzongpa']",N. Maharajan
Kal Ho Naa Ho,2003-11-27,Hit,1320702610.0,Love Story,186 min,66.66% (178 Ratings),280000000.0,Dharma Productions Pvt. Ltd.,"['Jaya Bachchan', 'Shahrukh Khan', 'Saif Ali Khan', 'Preity Zinta']",Nikhil Advani
Dulhan Hum Le Jayenge,2000-03-24,Hit,1280695890.0,Comedy,148 min,59.22% (32 Ratings),110000000.0,Baba Films,"['Salman Khan', 'Karisma Kapoor', 'Om Puri', 'Paresh Rawal']",David Dhawan
Wanted,2009-09-18,Hit,1270982720.0,Action,153 min,72.26% (95 Ratings),520000000.0,BSK Network And Entertainment |  Sahara One Motion Pictures,"['Salman Khan', 'Ayesha Takia', 'Vinod Khanna', 'Prakash Raj']",Prabhu Deva
Rang De Basanti,2006-01-26,Hit,1251556380.0,Drama,155 min,64.58% (72 Ratings),280000000.0,Rakesh Omprakash Mehra Pictures |  UTV Motion Pictures,"['Aamir Khan', 'Siddharth', 'Sharman Joshi', 'Kunal Kapoor']",Rakesh Omprakash Mehra
Main Hoon Na,2004-04-30,Hit,1214338590.0,Masala,179 min,53.35% (173 Ratings),250000000.0,Red Chillies Entertainment,"['Shahrukh Khan', 'Suneil Shetty', 'Sushmita Sen', 'Amrita Rao']",Farah Khan
Don - The Chase Begins Again,2006-10-20,Hit,1200874790.0,Action,171 min,54.36% (181 Ratings),380000000.0,Excel Entertainment,"['Shahrukh Khan', 'Priyanka Chopra', 'Arjun Rampal', 'Boman Irani']",Farhan Akhtar
Jodi No.1,2001-04-13,Hit,1165772740.0,Comedy,154 min,42.50% (2 Ratings),110000000.0,Time Magnetics Pvt. Ltd.,"['Sanjay Dutt', 'Govinda', 'Twinkle Khanna', 'Monica Bedi']",David Dhawan
Bhool Bhulaiyaa,2007-10-12,Hit,1133459620.0,Comedy,158 min,83.13% (8 Ratings),320000000.0,T-Series,"['Akshay Kumar', 'Vidya Balan', 'Shiney Ahuja', 'Ameesha Patel']",Priyadarshan
Badal,2000-02-11,Hit,1120765180.0,Action,166 min,60.00% (1 Ratings),100000000.0,Aftab Pictures Pvt. Ltd.,"['Bobby Deol', 'Rani Mukherjee', 'Mayuri Kango', 'Amrish Puri']",Raj Kanwar
Heyy Babyy,2007-08-24,Hit,1044790880.0,Comedy,144 min,79.00% (5 Ratings),360000000.0,Eros International |  Nadiadwala Grandson Entertainment,"['Akshay Kumar', 'Vidya Balan', 'Fardeen Khan', 'Riteish Deshmukh']",Sajid Khan
Guru,2007-01-12,Hit,1034116010.0,Drama,166 min,55.00% (4 Ratings),220000000.0,Madras Talkies,"['Mithun Chakraborty', 'Abhishek Bachchan', 'Aishwarya Rai', 'R. Madhavan']",Mani Ratnam
Race,2008-03-21,Hit,1028345810.0,Thriller,148 min,79.50% (10 Ratings),460000000.0,Tips Industries Pvt. Ltd. |  UTV Motion Pictures,"['Anil Kapoor', 'Saif Ali Khan', 'Akshaye Khanna', 'Bipasha Basu']",Abbas - Mustan
Mujhse Shaadi Karogi,2004-07-30,Hit,1007957770.0,Comedy,158 min,71.21% (33 Ratings),190000000.0,Nadiadwala Grandson Entertainment,"['Salman Khan', 'Akshay Kumar', 'Priyanka Chopra', 'Amrish Puri']",David Dhawan
Love Aaj Kal,2009-07-31,Hit,1006322880.0,Rom - Com,129 min,77.94% (17 Ratings),560000000.0,Eros International |  Illuminati Films,"['Saif Ali Khan', 'Deepika Padukone', 'Rishi Kapoor', 'Rahul Khanna']",Imtiaz Ali
Golmaal Returns,2008-10-29,Hit,983915270.0,Comedy,135 min,38.00% (5 Ratings),350000000.0,Shree Ashtavinayak Cinevision Ltd.,"['Ajay Devgn', 'Kareena Kapoor', 'Arshad Warsi', 'Tusshar Kapoor']",Rohit Shetty
Bhagam Bhag,2006-12-22,Hit,974682950.0,Comedy,150 min,100.00% (3 Ratings),320000000.0,Popcorn Motion Pictures Pvt. Ltd. |  Shree Ashtavinayak Cinevision Ltd.,"['Akshay Kumar', 'Govinda', 'Paresh Rawal', 'Lara Datta']",Priyadarshan
Hamara Dil Aapke Paas Hai,2000-08-25,Hit,944870250.0,Drama,165 min,55.00% (1 Ratings),90000000.0,S.K. Films Enterprises,"['Anil Kapoor', 'Aishwarya Rai', 'Sonali Bendre', 'Puru Raajkumar']",Satish Kaushik
Garam Masala,2005-11-02,Hit,849758120.0,Comedy,143 min,75.71% (7 Ratings),170000000.0,Ankk Media Arts Pvt. Ltd. |  Venus Records & Tapes Pvt. Ltd.,"['Akshay Kumar', 'John Abraham', 'Rimi Sen', 'Paresh Rawal']",Priyadarshan
Baghban,2003-10-03,Hit,766763410.0,Drama,181 min,68.90% (41 Ratings),100000000.0,B.R. Films,"['Amitabh Bachchan', 'Hema Malini', 'Salman Khan', 'Mahima Chaudhary']",Ravi Chopra
Andaaz,2003-05-23,Hit,766571070.0,Love Story,147 min,71.00% (5 Ratings),92500000.0,Shree Krishna International,"['Akshay Kumar', 'Lara Datta', 'Priyanka Chopra', 'Aman Verma']",Raj Kanwar
Chalte Chalte,2003-06-13,Hit,760416190.0,Love Story,167 min,45.19% (103 Ratings),110000000.0,Dreamz Unlimited,"['Shahrukh Khan', 'Rani Mukherjee', 'Jas Arora', 'Satish Shah']",Aziz Mirza
Munnabhai M.B.B.S.,2003-12-19,Hit,758011940.0,Comedy,156 min,88.33% (15 Ratings),100000000.0,Vidhu Vinod Chopra Productions,"['Sunil Dutt', 'Sanjay Dutt', 'Gracy Singh', 'Jimmy Shergill']",Rajkumar Hirani
New York,2009-06-26,Hit,752145570.0,Thriller,153 min,76.25% (8 Ratings),280000000.0,Yash Raj Films,"['John Abraham', 'Katrina Kaif', 'Neil Nitin Mukesh', 'Irrfan Khan']",Kabir Khan
Golmaal - Fun Unlimited,2006-07-14,Hit,740028150.0,Comedy,147 min,85.00% (4 Ratings),150000000.0,Shree Ashtavinayak Cinevision Ltd.,"['Ajay Devgn', 'Arshad Warsi', 'Sharman Joshi', 'Tusshar Kapoor']",Rohit Shetty
Masti,2004-04-09,Hit,708965240.0,Comedy,159 min,77.50% (2 Ratings),120000000.0,Maruti International,"['Ajay Devgn', 'Vivek Oberoi', 'Aftab Shivdasani', 'Riteish Deshmukh']",Indra Kumar
Hulchul,2004-11-26,Hit,652898130.0,Comedy,167 min,77.86% (7 Ratings),100000000.0,Venus Records & Tapes Pvt. Ltd.,"['Akshaye Khanna', 'Kareena Kapoor', 'Suneil Shetty', 'Paresh Rawal']",Priyadarshan
Saathiya,2002-12-20,Hit,641646240.0,Love Story,132 min,30.00% (2 Ratings),75000000.0,Kaleidoscope Entertainment Pvt. Ltd.,"['Rani Mukherjee', 'Vivek Oberoi', 'Tanuja', 'Satish Shah']",Shaad Ali
Salaam Namaste,2005-09-09,Hit,608659930.0,Rom - Com,158 min,89.00% (5 Ratings),110000000.0,Yash Raj Films,"['Saif Ali Khan', 'Preity Zinta', 'Arshad Warsi', 'Tania Zaetta']",Siddharth Anand
Jab We Met,2007-10-26,Hit,595965490.0,Rom - Com,155 min,79.09% (11 Ratings),150000000.0,Shree Ashtavinayak Cinevision Ltd.,"['Shahid Kapoor', 'Kareena Kapoor', 'Tarun Arora', 'Dara Singh']",Imtiaz Ali
Bhoot,2003-05-30,Hit,594522940.0,Horror,113 min,80.00% (1 Ratings),67500000.0,Dream Merchants Enterprise,"['Ajay Devgn', 'Urmila Matondkar', 'Nana Patekar', 'Rekha']",Ram Gopal Verma
Hum Tum,2004-05-28,Hit,562883010.0,Love Story,147 min,97.14% (7 Ratings),85000000.0,Yash Raj Films,"['Saif Ali Khan', 'Rani Mukherjee', 'Rishi Kapoor', 'Kirron Kher']",Kunal Kohli
Kyaa Kool Hai Hum,2005-05-06,Hit,429591390.0,Comedy,172 min,75.00% (1 Ratings),50000000.0,Balaji Motion Pictures,"['Tusshar Kapoor', 'Riteish Deshmukh', 'Isha Koppikar', 'Neha Dhupia']",Sangeeth Sivan
Jism,2003-01-17,Hit,387468930.0,Thriller,129 min,0.00% (0 Ratings),32500000.0,Fish Eye Network Pvt. Ltd. |  Shreya Creations,"['Bipasha Basu', 'John Abraham', 'Gulshan Grover', 'Vinay Pathak']",Amit Saxena
Phoonk,2008-08-22,Hit,219748450.0,Horror,114 min,0.00% (0 Ratings),45000000.0,Ace Movie Company |  One More Though Entertainment Pvt. Ltd.,"['Sudeep', 'Amruta Khanvilkar', 'Ahsaas Channa', 'Ashwini Khalsekar']",Ram Gopal Verma
Ek Chhotisi Love Story,2002-09-06,Hit,210900810.0,Drama,129 min,0.00% (0 Ratings),15000000.0,Paragon Pictures International,"['Manisha Koirala', 'Aditya Seal', 'Ranvir Shorey', 'Saroj Bhargava']",Shashilal K. Nair
A Wednesday!,2008-09-06,Hit,161373260.0,Thriller,104 min,84.17% (6 Ratings),30000000.0,Anjum Rizvi Film Company |  Friday Filmworks Pvt. Ltd. |  UTV Motion Pictures,"['Naseeruddin Shah', 'Anupam Kher', 'Jimmy Shergill', 'Aamir Bashir']",Neeraj Pandey
Bheja Fry,2007-04-13,Hit,143774150.0,Comedy,95 min,85.00% (1 Ratings),15000000.0,Handmade Films,"['Rajat Kapoor', 'Vinay Pathak', 'Sarika', 'Ranvir Shorey']",Sagar Ballary
Chori Chori Chupke Chupke,2001-03-09,Semi Hit,1144615340.0,Love Story,166 min,70.91% (22 Ratings),130000000.0,Emaar Films International,"['Salman Khan', 'Rani Mukherjee', 'Preity Zinta', 'Amrish Puri']",Abbas - Mustan
Kabhi Alvida Na Kehna,2006-08-11,Semi Hit,1021421570.0,Drama,192 min,52.97% (177 Ratings),480000000.0,Dharma Productions Pvt. Ltd.,"['Amitabh Bachchan', 'Shahrukh Khan', 'Abhishek Bachchan', 'Rani Mukherjee']",Karan Johar
Fiza,2000-09-08,Semi Hit,958141710.0,Drama,178 min,88.18% (11 Ratings),55000000.0,The Culture Company |  UTV Motion Pictures,"['Jaya Bachchan', 'Karisma Kapoor', 'Hrithik Roshan', 'Neha']",Khalid Mohamed
Jodhaa Akbar,2008-02-15,Semi Hit,895919720.0,Love Story,213 min,81.40% (25 Ratings),550000000.0,Ashutosh Gowariker Productions |  UTV Motion Pictures,"['Hrithik Roshan', 'Aishwarya Rai', 'Sonu Sood', 'Suhasini Mulay']",Ashutosh Gowariker
Namastey London,2007-03-23,Semi Hit,873896790.0,Love Story,132 min,77.73% (11 Ratings),310000000.0,Blockbuster Movie Entertainers |  Eros International,"['Akshay Kumar', 'Katrina Kaif', 'Rishi Kapoor', 'Clive Standen']",Vipul Amrutlal Shah
Ta Ra Rum Pum,2007-04-27,Semi Hit,828793060.0,Drama,156 min,0.00% (0 Ratings),300000000.0,Yash Raj Films,"['Saif Ali Khan', 'Rani Mukherjee', 'Shruti Seth', 'Victor Banerjee']",Siddharth Anand
Dhamaal,2007-09-07,Semi Hit,785708900.0,Comedy,131 min,87.50% (2 Ratings),190000000.0,Maruti International,"['Sanjay Dutt', 'Arshad Warsi', 'Riteish Deshmukh', 'Aashish Chaudhary']",Indra Kumar
Maine Pyaar Kyun Kiya?,2005-07-15,Semi Hit,765994050.0,Comedy,145 min,63.06% (31 Ratings),150000000.0,Shree Ashtavinayak Cinevision Ltd. |  Sohail Khan Productions,"['Salman Khan', 'Sushmita Sen', 'Katrina Kaif', 'Sohail Khan']",David Dhawan
Shootout At Lokhandwala,2007-05-25,Semi Hit,725410310.0,Action,145 min,85.00% (5 Ratings),180000000.0,Balaji Motion Pictures |  White Feather Films,"['Sanjay Dutt', 'Amitabh Bachchan', 'Arbaaz Khan', 'Suneil Shetty']",Apoorva Lakhia
Sarkar,2005-07-01,Semi Hit,724737120.0,Drama,123 min,87.50% (4 Ratings),140000000.0,K Sera Sera Productions Ltd. |  Ram Gopal Varma Productions,"['Amitabh Bachchan', 'Abhishek Bachchan', 'Kay Kay Menon', 'Katrina Kaif']",Ram Gopal Verma
Tere Naam,2003-08-15,Semi Hit,679537220.0,Love Story,136 min,71.67% (45 Ratings),100000000.0,MAD Entertainment,"['Salman Khan', 'Bhoomika Chawla', 'Sachin Khedekar', 'Savita Prabhune']",Satish Kaushik
Bachna Ae Haseeno,2008-08-15,Semi Hit,637030080.0,Rom - Com,152 min,89.67% (15 Ratings),230000000.0,Yash Raj Films,"['Ranbir Kapoor', 'Deepika Padukone', 'Bipasha Basu', 'Minissha Lamba']",Siddharth Anand
36 China Town,2006-05-05,Semi Hit,596927190.0,Mystery,135 min,63.33% (3 Ratings),190000000.0,Mukta Arts,"['Akshaye Khanna', 'Kareena Kapoor', 'Shahid Kapoor', 'Upen Patel']",Abbas - Mustan
Raaz - The Mystery Continues,2009-01-23,Semi Hit,498833790.0,Horror,150 min,47.50% (4 Ratings),180000000.0,SPE Films India Pvt. Ltd. |  Vishesh Films Pvt. Ltd.,"['Kangana Ranaut', 'Emraan Hashmi', 'Adhyayan Suman', 'Jackie Shroff']",Mohit Suri
Apaharan,2005-12-02,Semi Hit,496333370.0,Action,173 min,0.00% (0 Ratings),110000000.0,Holy Cow Pictures |  Prakash Jha Productions,"['Ajay Devgn', 'Nana Patekar', 'Bipasha Basu', 'Yashpal Sharma']",Prakash Jha
Tujhe Meri Kasam,2003-01-03,Semi Hit,472098530.0,Love Story,167 min,62.50% (2 Ratings),35000000.0,Ushakiron Movies,"['Riteish Deshmukh', ""Genelia D'Souza"", 'Raja Bherwani', 'Shriya Saran']",K. Vijaya Bhaskar
Paa,2009-12-04,Semi Hit,469982790.0,Drama,133 min,47.50% (6 Ratings),210000000.0,AB Corp Ltd. |  MAD Entertainment |  Reliance Entertainment,"['Amitabh Bachchan', 'Abhishek Bachchan', 'Vidya Balan', 'Paresh Rawal']",R. Balki
Hungama,2003-08-01,Semi Hit,461038980.0,Comedy,146 min,85.00% (3 Ratings),60000000.0,Venus Records & Tapes Pvt. Ltd.,"['Akshaye Khanna', 'Paresh Rawal', 'Rimi Sen', 'Shakti Kapoor']",Priyadarshan
Taxi Number 9 2 11,2006-02-24,Semi Hit,453633890.0,Drama,116 min,87.50% (2 Ratings),100000000.0,Ramesh Sippy Entertainment,"['Nana Patekar', 'John Abraham', 'Sonali Kulkarni', 'Sameera Reddy']",Milan Luthria
Bluffmaster,2005-12-16,Semi Hit,438727540.0,Thriller,137 min,73.00% (5 Ratings),100000000.0,Ramesh Sippy Entertainment,"['Abhishek Bachchan', 'Priyanka Chopra', 'Riteish Deshmukh', 'Nana Patekar']",Rohan Sippy
Wake Up Sid,2009-10-02,Semi Hit,397085930.0,Drama,137 min,87.39% (23 Ratings),180000000.0,Dharma Productions Pvt. Ltd.,"['Ranbir Kapoor', 'Konkona Sen Sharma', 'Anupam Kher', 'Supriya Pathak']",Ayan Mukherji
Mere Yaar Ki Shaadi Hai,2002-06-07,Semi Hit,367754080.0,Love Story,159 min,0.00% (0 Ratings),57500000.0,Yash Raj Films,"['Uday Chopra', 'Jimmy Shergill', 'Tulip Joshi', 'Alok Nath']",Sanjay Gadhvi
Apna Sapna Money Money,2006-11-10,Semi Hit,342557540.0,Comedy,134 min,40.00% (1 Ratings),95000000.0,Mukta Arts,"['Jackie Shroff', 'Suneil Shetty', 'Riteish Deshmukh', 'Shreyas Talpade']",Sangeeth Sivan
Gangster - A Love Story,2006-04-28,Semi Hit,316399300.0,Love Story,123 min,80.00% (3 Ratings),65000000.0,Vishesh Films Pvt. Ltd.,"['Emraan Hashmi', 'Shiney Ahuja', 'Kangana Ranaut', 'Gulshan Grover']",Anurag Basu
Julie,2004-07-23,Semi Hit,310436760.0,Drama,142 min,100.00% (1 Ratings),55000000.0,V.R. Enterprises Pvt. Ltd.,"['Neha Dhupia', 'Priyanshu Chatterjee', 'Yash Tonk', 'Sanjay Kapoor']",Deepak Shivdasani
Style,2001-12-28,Semi Hit,305147410.0,Comedy,159 min,100.00% (1 Ratings),25000000.0,N. Chandra Productions Pvt. Ltd.,"['Sharman Joshi', 'Sahil Khan', 'Riya Sen', 'Shilpi Mudgal']",N. Chandra
Cheeni Kum,2007-05-25,Semi Hit,304474220.0,Rom - Com,140 min,85.00% (1 Ratings),110000000.0,Eros International |  MAD Entertainment,"['Amitabh Bachchan', 'Tabu', 'Paresh Rawal', 'Zohra Sehgal']",R. Balki
Ab Tak Chhappan,2004-02-27,Semi Hit,282932140.0,Drama,129 min,0.00% (0 Ratings),45000000.0,K Sera Sera Productions Ltd. |  Ram Gopal Varma Productions,"['Nana Patekar', 'Yashpal Sharma', 'Prasad Purandare', 'Nakul Vaid']",Shimit Amin
Bahubali 2 - The Conclusion,2017-04-28,All Time Blockbuster,5103600000.0,Masala,167 min,70.09% (109 Ratings),1950000000.0,Arka Mediaworks |  Dharma Productions Pvt. Ltd.,"['Prabhas', 'Rana Daggubati', 'Anushka Shetty', 'Tamannaah Bhatia']",S.S. Rajamouli
Dangal,2016-12-23,All Time Blockbuster,3745300000.0,Drama,161 min,71.66% (160 Ratings),1320000000.0,Aamir Khan Productions |  UTV Motion Pictures,"['Aamir Khan', 'Sakshi Tanwar', 'Fatima Sana Shaikh', 'Sanya Malhotra']",Nitish Tiwari
Bajrangi Bhaijaan,2015-07-17,All Time Blockbuster,3406052890.0,Masala,159 min,69.82% (626 Ratings),1250000000.0,Eros International |  Salman Khan Films,"['Salman Khan', 'Kareena Kapoor', 'Nawazuddin Siddiqui', 'Harshaali Malhotra']",Kabir Khan
PK,2014-12-19,All Time Blockbuster,3377250000.0,Drama,153 min,64.91% (379 Ratings),1220000000.0,Rajkumar Hirani Films |  UTV Motion Pictures |  Vidhu Vinod Chopra Productions,"['Aamir Khan', 'Anushka Sharma', 'Sanjay Dutt', 'Saurabh Shukla']",Rajkumar Hirani
Dhoom 3,2013-12-20,All Time Blockbuster,2865192810.0,Action,172 min,40.34% (267 Ratings),1750000000.0,Yash Raj Films,"['Aamir Khan', 'Abhishek Bachchan', 'Katrina Kaif', 'Uday Chopra']",Vijay Krishna Acharya
Tiger Zinda Hai,2017-12-22,Blockbuster,3390000000.0,Action,161 min,67.57% (101 Ratings),2100000000.0,Yash Raj Films,"['Salman Khan', 'Katrina Kaif', 'Paresh Rawal', 'Sajjad Delafrooz']",Ali Abbas Zafar
Sultan,2016-07-06,Blockbuster,3085614450.0,Masala,170 min,74.81% (242 Ratings),1450000000.0,Yash Raj Films,"['Salman Khan', 'Anushka Sharma', 'Amit Sadh', 'Randeep Hooda']",Ali Abbas Zafar
War,2019-10-02,Blockbuster,2927150000.0,Action,156 min,85.50% (20 Ratings),2050000000.0,Yash Raj Films,"['Hrithik Roshan', 'Tiger Shroff', 'Vaani Kapoor', 'Ashutosh Rana']",Siddharth Anand
Padmaavat,2018-01-25,Blockbuster,2822800000.0,Drama,163 min,56.46% (48 Ratings),2150000000.0,Sanjay Leela Bhansali Films |  Viacom 18 Motion Pictures,"['Deepika Padukone', 'Shahid Kapoor', 'Ranveer Singh', 'Aditi Rao Hydari']",Sanjay Leela Bhansali
Uri - The Surgical Strike,2019-01-11,Blockbuster,2440050000.0,Action,138 min,90.56% (9 Ratings),440000000.0,RSVP,"['Vicky Kaushal', 'Yami Gautam', 'Paresh Rawal', 'Mohit Raina']",Aditya Dhar
Chennai Express,2013-08-08,Blockbuster,2426080590.0,Masala,142 min,55.50% (369 Ratings),1150000000.0,Red Chillies Entertainment |  UTV Motion Pictures,"['Shahrukh Khan', 'Deepika Padukone', 'Niketan Dheer', 'Sathyaraj']",Rohit Shetty
Dabangg,2010-09-10,Blockbuster,2412520620.0,Action,125 min,65.19% (291 Ratings),410000000.0,Arbaaz Khan Production Pvt. Ltd. |  Shree Ashtavinayak Cinevision Ltd.,"['Salman Khan', 'Sonakshi Sinha', 'Vinod Khanna', 'Dimple Kapadia']",Abhinav Kashyap
Simmba,2018-12-28,Blockbuster,2398450000.0,Masala,159 min,52.81% (32 Ratings),1390000000.0,Dharma Productions Pvt. Ltd. |  Reliance Entertainment |  Rohit Shetty Productions,"['Ranveer Singh', 'Sara Ali Khan', 'Ashutosh Rana', 'Sonu Sood']",Rohit Shetty
Ek Tha Tiger,2012-08-15,Blockbuster,2379149630.0,Action,133 min,61.28% (247 Ratings),920000000.0,Yash Raj Films,"['Salman Khan', 'Katrina Kaif', 'Ranvir Shorey', 'Girish Karnad']",Kabir Khan
Kick,2014-07-25,Blockbuster,2326544640.0,Action,146 min,61.06% (376 Ratings),1400000000.0,Nadiadwala Grandson Entertainment |  UTV Motion Pictures,"['Salman Khan', 'Jacqueline Fernandez', 'Randeep Hooda', 'Mithun Chakraborty']",Sajid Nadiadwala
Bodyguard,2011-08-31,Blockbuster,2129973160.0,Action,139 min,57.77% (276 Ratings),700000000.0,Reel Life Productions |  Reliance Entertainment,"['Salman Khan', 'Kareena Kapoor', 'Raj Babbar', 'Mahesh Manjrekar']",Siddique
Krrish 3,2013-11-01,Blockbuster,2098333230.0,Action,152 min,38.53% (160 Ratings),950000000.0,Filmkraft Pvt. Ltd.,"['Hrithik Roshan', 'Priyanka Chopra', 'Kangana Ranaut', 'Vivek Oberoi']",Rakesh Roshan
Golmaal Again,2017-10-20,Blockbuster,2055000000.0,Comedy,151 min,65.83% (30 Ratings),1420000000.0,Mangl Murti Films |  Reliance Entertainment |  Rohit Shetty Productions,"['Ajay Devgn', 'Tabu', 'Arshad Warsi', 'Shreyas Talpade']",Rohit Shetty
Dabangg 2,2012-12-21,Blockbuster,1974177760.0,Action,129 min,60.69% (274 Ratings),840000000.0,Arbaaz Khan Production Pvt. Ltd.,"['Salman Khan', 'Sonakshi Sinha', 'Prakash Raj', 'Vinod Khanna']",Arbaaz Khan
Yeh Jawaani Hai Deewani,2013-05-31,Blockbuster,1948788880.0,Love Story,159 min,50.15% (164 Ratings),750000000.0,Dharma Productions Pvt. Ltd. |  UTV Motion Pictures,"['Ranbir Kapoor', 'Deepika Padukone', 'Aditya Roy Kapoor', 'Kalki Koechlin']",Ayan Mukherji
Rowdy Rathore,2012-06-01,Blockbuster,1932536150.0,Action,140 min,63.23% (82 Ratings),770000000.0,MR Media |  Sanjay Leela Bhansali Films |  UTV Motion Pictures,"['Akshay Kumar', 'Sonakshi Sinha', 'M. Naseer', 'Yashpal Sharma']",Prabhu Deva
Ready,2011-06-03,Blockbuster,1774528840.0,Comedy,149 min,58.71% (236 Ratings),610000000.0,One Up Entertainment Pvt. Ltd. |  Rawail Grandsons Entertainment and Software Pvt. Ltd. |  Sohail Khan Productions |  T-Series,"['Salman Khan', 'Asin', 'Paresh Rawal', 'Mahesh Manjrekar']",Anees Bazmee
Golmaal 3,2010-11-05,Blockbuster,1703363040.0,Comedy,141 min,61.30% (27 Ratings),500000000.0,Shree Ashtavinayak Cinevision Ltd.,"['Mithun Chakraborty', 'Ajay Devgn', 'Kareena Kapoor', 'Arshad Warsi']",Rohit Shetty
Baaghi 2,2018-03-30,Blockbuster,1607450000.0,Action,144 min,66.25% (32 Ratings),590000000.0,Fox Star Studio India Pvt. Ltd. |  Nadiadwala Grandson Entertainment,"['Tiger Shroff', 'Disha Patani', 'Manoj Bajpai', 'Randeep Hooda']",Ahmed Khan
Tanu Weds Manu Returns,2015-05-22,Blockbuster,1488475000.0,Rom - Com,120 min,57.02% (218 Ratings),390000000.0,Colour Yellow Picture Ltd. |  Eros International,"['R. Madhavan', 'Kangana Ranaut', 'Jimmy Shergill', 'Deepak Dobriyal']",Anand L. Rai
Bahubali - The Beginning,2015-07-10,Blockbuster,1426585780.0,Masala,159 min,82.86% (7 Ratings),1700000000.0,Arka Mediaworks |  Dharma Productions Pvt. Ltd.,"['Prabhas', 'Rana Daggubati', 'Anushka Shetty', 'Tamannaah Bhatia']",S.S. Rajamouli
Badhaai Ho,2018-10-18,Blockbuster,1344650000.0,Comedy,125 min,82.00% (10 Ratings),290000000.0,Chrome Pictures |  Junglee Pictures,"['Ayushman Khurana', 'Sanya Malhotra', 'Gajraj Rao', 'Neena Gupta']",Amit Ravindernath Sharma
Aashiqui 2,2013-04-26,Blockbuster,947659180.0,Love Story,140 min,70.40% (25 Ratings),150000000.0,T-Series |  Vishesh Films Pvt. Ltd.,"['Aditya Roy Kapoor', 'Shraddha Kapoor', 'Shaad Randhawa', 'Mahesh Thakur']",Mohit Suri
Housefull 4,2019-10-25,Super Hit,2056050000.0,Comedy,142 min,77.14% (7 Ratings),1620000000.0,Fox Star Studio India Pvt. Ltd. |  Nadiadwala Grandson Entertainment,"['Akshay Kumar', 'Bobby Deol', 'Riteish Deshmukh', 'Kriti Sanon']",Sajid Khan
Good Newwz,2019-12-27,Super Hit,1963350000.0,Comedy,134 min,85.00% (5 Ratings),1170000000.0,Cape Of Good Films Pvt. Ltd. |  Dharma Productions Pvt. Ltd. |  Zee Studios,"['Akshay Kumar', 'Kareena Kapoor', 'Diljit Dosanjh', 'Kiara Advani']",Raj Mehta
Mission Mangal,2019-08-15,Super Hit,1926700000.0,Drama,133 min,83.64% (11 Ratings),950000000.0,Cape Of Good Films Pvt. Ltd. |  Fox Star Studio India Pvt. Ltd. |  Hope Productions Pvt. Ltd.,"['Akshay Kumar', 'Vidya Balan', 'Sonakshi Sinha', 'Taapsee Pannu']",Jagan Shakti
Happy New Year,2014-10-24,Super Hit,1897241760.0,Masala,179 min,46.25% (360 Ratings),1500000000.0,Red Chillies Entertainment,"['Shahrukh Khan', 'Deepika Padukone', 'Abhishek Bachchan', 'Boman Irani']",Farah Khan
2.0,2018-11-29,Super Hit,1858900000.0,Sci Fi / Fantasy,149 min,74.50% (30 Ratings),5750000000.0,Dharma Productions Pvt. Ltd. |  Lyca Productions,"['Rajnikant', 'Akshay Kumar', 'Amy Jackson', 'Adil Hussain']",S. Shankar
Singham Returns,2014-08-15,Super Hit,1627869590.0,Action,145 min,54.37% (63 Ratings),1050000000.0,Ajay Devgn Films |  Reliance Entertainment |  Rohit Shetty Productions,"['Ajay Devgn', 'Kareena Kapoor', 'Amol Gupte', 'Anupam Kher']",Rohit Shetty
Agneepath,2012-01-26,Super Hit,1625176830.0,Action,168 min,53.52% (108 Ratings),710000000.0,Dharma Productions Pvt. Ltd.,"['Rishi Kapoor', 'Sanjay Dutt', 'Hrithik Roshan', 'Priyanka Chopra']",Karan Malhotra
Singham,2011-07-22,Super Hit,1534969370.0,Action,144 min,65.91% (33 Ratings),410000000.0,Reliance Entertainment,"['Ajay Devgn', 'Kajal Aggarwal', 'Prakash Raj', 'Sonali Kulkarni']",Rohit Shetty
Housefull 2,2012-04-06,Super Hit,1515831540.0,Comedy,156 min,56.05% (43 Ratings),720000000.0,Eros International |  Nadiadwala Grandson Entertainment,"['Akshay Kumar', 'John Abraham', 'Rishi Kapoor', 'Randhir Kapoor']",Sajid Khan
Raajneeti,2010-06-04,Super Hit,1476824988.0,Thriller,167 min,61.89% (61 Ratings),610000000.0,Prakash Jha Productions |  UTV Motion Pictures |  Walkwater Media Ltd.,"['Nana Patekar', 'Ajay Devgn', 'Ranbir Kapoor', 'Katrina Kaif']",Prakash Jha
Chhichhore,2019-09-06,Super Hit,1473250000.0,Drama,146 min,91.67% (6 Ratings),530000000.0,Fox Star Studio India Pvt. Ltd. |  Nadiadwala Grandson Entertainment,"['Sushant Singh Rajput', 'Shraddha Kapoor', 'Varun Sharma', 'Tahir Bhasin']",Nitish Tiwari
Dream Girl,2019-09-13,Super Hit,1393700000.0,Comedy,142 min,90.00% (3 Ratings),360000000.0,Balaji Motion Pictures,"['Ayushman Khurana', 'Nushrat Bharucha', 'Anu Kapoor', 'Vijay Raaz']",Raaj Shaandilyaa
Judwaa 2,2017-09-29,Super Hit,1323900000.0,Masala,149 min,35.00% (19 Ratings),630000000.0,Fox Star Studio India Pvt. Ltd. |  Nadiadwala Grandson Entertainment,"['Varun Dhawan', 'Jacqueline Fernandez', 'Taapsee Pannu', 'Anupam Kher']",David Dhawan
Toilet Ek Prem Katha,2017-08-11,Super Hit,1320700000.0,Drama,135 min,88.04% (23 Ratings),750000000.0,Cape Of Good Films Pvt. Ltd. |  KriArj Entertainment |  Plan C Studio |  Viacom 18 Motion Pictures,"['Akshay Kumar', 'Bhumi Pednekar', 'Divyendu Sharma', 'Anupam Kher']",Shree Narayan Singh
Stree,2018-08-31,Super Hit,1245650000.0,Comedy,129 min,86.18% (17 Ratings),240000000.0,D2R Films |  Maddock Films,"['Rajkummar Rao', 'Shraddha Kapoor', 'Pankaj Tripathi', 'Aparshakti Khurana']",Amar Kaushik
Rustom,2016-08-12,Super Hit,1244500000.0,Drama,150 min,69.67% (75 Ratings),730000000.0,Cape Of Good Films Pvt. Ltd. |  Essel Vision Productions Ltd. |  KriArj Entertainment |  Plan C Studio,"['Akshay Kumar', ""Ileana D'Cruz"", 'Arjan Bajwa', 'Esha Gupta']",Tinu Suresh Desai
Airlift,2016-01-22,Super Hit,1234650000.0,Drama,144 min,70.00% (61 Ratings),680000000.0,Abundantia Entertainment |  Cape Of Good Films Pvt. Ltd. |  Emmay Entertainment |  T-Series,"['Akshay Kumar', 'Nimrat Kaur', 'Purab Kohli', 'Kumud Mishra']",Raja Krishna Menon
Raazi,2018-05-11,Super Hit,1223950000.0,Drama,140 min,72.08% (24 Ratings),380000000.0,Dharma Productions Pvt. Ltd. |  Junglee Pictures,"['Alia Bhatt', 'Vicky Kaushal', 'Jaideep Ahlawat', 'Rajit Kapoor']",Meghna Gulzar
Bhaag Milkha Bhaag,2013-07-12,Super Hit,1189526730.0,Drama,188 min,60.50% (30 Ratings),530000000.0,Rakesh Omprakash Mehra Pictures |  Viacom 18 Motion Pictures,"['Farhan Akhtar', 'Sonam Kapoor', 'Rebecca Breeds', 'Prakash Raj']",Rakesh Omprakash Mehra
Badrinath Ki Dulhania,2017-03-10,Super Hit,1181640790.0,Love Story,139 min,67.11% (19 Ratings),440000000.0,Dharma Productions Pvt. Ltd. |  Fox Star Studio India Pvt. Ltd.,"['Varun Dhawan', 'Alia Bhatt', 'Sahil Vaid', 'Gauhar Khan']",Shashank Khaitan
ABCD 2,2015-06-19,Super Hit,1171158260.0,Drama,154 min,47.68% (69 Ratings),650000000.0,UTV Motion Pictures,"['Prabhu Deva', 'Varun Dhawan', 'Shraddha Kapoor', 'Sushant Pujari']",Remo D'Souza
Grand Masti,2013-09-13,Super Hit,1167407630.0,Comedy,136 min,30.29% (17 Ratings),340000000.0,Maruti International,"['Vivek Oberoi', 'Aftab Shivdasani', 'Riteish Deshmukh', 'Manjari Fadnis']",Indra Kumar
Barfi!,2012-09-14,Super Hit,1158559990.0,Drama,151 min,59.94% (79 Ratings),500000000.0,UTV Motion Pictures,"['Ranbir Kapoor', 'Priyanka Chopra', ""Ileana D'Cruz"", 'Roopa Ganguly']",Anurag Basu
Bala,2019-11-08,Super Hit,1109750000.0,Comedy,133 min,66.67% (3 Ratings),320000000.0,Jio Studios |  Maddock Films,"['Ayushman Khurana', 'Bhumi Pednekar', 'Yami Gautam', 'Javed Jaffrey']",Amar Kaushik
The Dirty Picture,2011-12-02,Super Hit,1100761820.0,Drama,153 min,55.00% (13 Ratings),310000000.0,ALT Entertainment |  Balaji Motion Pictures,"['Naseeruddin Shah', 'Vidya Balan', 'Emraan Hashmi', 'Tusshar Kapoor']",Milan Luthria
Ek Villain,2014-06-27,Super Hit,1080854630.0,Thriller,130 min,56.47% (34 Ratings),390000000.0,Balaji Motion Pictures,"['Riteish Deshmukh', 'Sidharth Malhotra', 'Shraddha Kapoor', 'Kamaal R. Khan']",Mohit Suri
OMG! Oh My God,2012-09-28,Super Hit,1050080230.0,Comedy,132 min,72.33% (45 Ratings),250000000.0,Grazing Goat Pictures Pvt. Ltd. |  Playtime Creationn |  S. Spice Studios |  Viacom 18 Motion Pictures,"['Mithun Chakraborty', 'Akshay Kumar', 'Paresh Rawal', 'Om Puri']",Umesh Shukla
2 States,2014-04-18,Super Hit,1018600000.0,Love Story,149 min,56.83% (52 Ratings),450000000.0,Dharma Productions Pvt. Ltd. |  Nadiadwala Grandson Entertainment |  UTV Motion Pictures,"['Arjun Kapoor', 'Alia Bhatt', 'Amrita Singh', 'Revathi']",Abhishek Varman
Sonu Ke Titu Ki Sweety,2018-02-23,Super Hit,1008050000.0,Comedy,140 min,58.57% (14 Ratings),400000000.0,Luv Films |  T-Series,"['Kartik Aryan', 'Nushrat Bharucha', 'Sunny Singh Nijjar', 'Ishita Raj']",Luv Ranjan
Raaz 3,2012-09-07,Super Hit,915249890.0,Horror,133 min,45.00% (5 Ratings),310000000.0,Fox Star Studio India Pvt. Ltd. |  Vishesh Films Pvt. Ltd.,"['Bipasha Basu', 'Emraan Hashmi', 'Esha Gupta', 'Manish Chaudhary']",Vikram Bhatt
Fukrey Returns,2017-12-08,Super Hit,779050000.0,Comedy,135 min,71.25% (4 Ratings),290000000.0,Excel Entertainment,"['Pulkit Samrat', 'Ali Fazal', 'Varun Sharma', 'Manjot Singh']",Mrighdeep Singh Lamba
Murder 2,2011-07-08,Super Hit,638184120.0,Thriller,130 min,70.83% (6 Ratings),130000000.0,Vishesh Films Pvt. Ltd.,"['Emraan Hashmi', 'Jacqueline Fernandez', 'Sudhanshu Pandey', 'Prashant Narayanan']",Mohit Suri
Pyaar Ka Punchnama 2,2015-10-16,Super Hit,603825000.0,Comedy,136 min,55.00% (13 Ratings),220000000.0,Panorama Studios |  Viacom 18 Motion Pictures,"['Kartik Aryan', 'Nushrat Bharucha', 'Sunny Singh Nijjar', 'Sonalli Sehgal']",Luv Ranjan
Prem Ratan Dhan Payo,2015-11-12,Hit,2189117710.0,Drama,165 min,57.01% (259 Ratings),1800000000.0,Fox Star Studio India Pvt. Ltd. |  Rajshri Productions Pvt. Ltd.,"['Salman Khan', 'Sonam Kapoor', 'Neil Nitin Mukesh', 'Anupam Kher']",Sooraj Barjatya
Bajirao Mastani,2015-12-18,Hit,1837500000.0,Drama,158 min,59.91% (53 Ratings),1450000000.0,Eros International |  Sanjay Leela Bhansali Films,"['Ranveer Singh', 'Deepika Padukone', 'Priyanka Chopra', 'Tanvi Azmi']",Sanjay Leela Bhansali
Ra.One,2011-10-26,Hit,1553145500.0,Action,151 min,44.77% (219 Ratings),1300000000.0,Eros International |  Red Chillies Entertainment,"['Shahrukh Khan', 'Kareena Kapoor', 'Arjun Rampal', 'Shahana Goswami']",Anubhav Sinha
Kesari,2019-03-21,Hit,1518750000.0,Drama,151 min,80.31% (16 Ratings),1260000000.0,Azure Entertainment |  Dharma Productions Pvt. Ltd. |  Zee Studios,"['Akshay Kumar', 'Parineeti Chopra', 'Vansh Bhardwaj', 'Suvinder Vicky']",Anurag Singh
Total Dhamaal,2019-02-22,Hit,1500750000.0,Comedy,129 min,60.00% (8 Ratings),1130000000.0,Ajay Devgn Films |  Fox Star Studio India Pvt. Ltd. |  Maruti International,"['Anil Kapoor', 'Madhuri Dixit', 'Ajay Devgn', 'Riteish Deshmukh']",Indra Kumar
Saaho,2019-08-30,Hit,1488400000.0,Action,162 min,71.88% (8 Ratings),3250000000.0,T-Series |  UV Creations,"['Prabhas', 'Shraddha Kapoor', 'Jackie Shroff', 'Neil Nitin Mukesh']",Sujeeth
Super 30,2019-07-12,Hit,1470000000.0,Drama,154 min,100.00% (10 Ratings),1200000000.0,HRX Films |  Nadiadwala Grandson Entertainment |  Reliance Entertainment,"['Hrithik Roshan', 'Mrunal Thakur', 'Pankaj Tripathi', 'Aditya Shrivastava']",Vikas Bahl
Don 2,2011-12-23,Hit,1435529590.0,Action,146 min,56.20% (216 Ratings),760000000.0,Excel Entertainment |  Reliance Entertainment,"['Shahrukh Khan', 'Priyanka Chopra', 'Lara Datta', 'Boman Irani']",Farhan Akhtar
Bol Bachchan,2012-07-06,Hit,1382732260.0,Comedy,154 min,66.88% (24 Ratings),660000000.0,Ajay Devgn Films |  Shree Ashtavinayak Cinevision Ltd.,"['Ajay Devgn', 'Abhishek Bachchan', 'Asin', 'Prachi Desai']",Rohit Shetty
Holiday - A Soldier Is Never Off Duty,2014-06-06,Hit,1344264260.0,Thriller,170 min,59.61% (90 Ratings),860000000.0,Hari Om Entertainment |  Reliance Entertainment |  Sunshine Pictures Ltd.,"['Akshay Kumar', 'Sonakshi Sinha', 'Farhad', 'Sumeet Raghavan']",A.R. Murugadoss
Gully Boy,2019-02-14,Hit,1342400000.0,Drama,156 min,70.42% (12 Ratings),840000000.0,Epitome Entertainment Pvt. Ltd. |  Tiger Baby,"['Ranveer Singh', 'Alia Bhatt', 'Kalki Koechlin', 'Siddhant Kumar']",Zoya Akhtar
Goliyon Ki Raasleela Ram - Leela,2013-11-15,Hit,1320029420.0,Love Story,153 min,49.80% (51 Ratings),880000000.0,Eros International |  Sanjay Leela Bhansali Films,"['Ranveer Singh', 'Deepika Padukone', 'Supriya Pathak', 'Gulshan Devaiya']",Sanjay Leela Bhansali
Jab Tak Hai Jaan,2012-11-13,Hit,1227321540.0,Love Story,179 min,52.31% (249 Ratings),780000000.0,Yash Raj Films,"['Shahrukh Khan', 'Katrina Kaif', 'Anushka Sharma', 'Sarika']",Yash Chopra
M.S. Dhoni - The Untold Story,2016-09-30,Hit,1190900000.0,Drama,185 min,68.97% (29 Ratings),1100000000.0,Fox Star Studio India Pvt. Ltd. |  Friday Filmworks Pvt. Ltd. |  Inspired Entertainment,"['Sushant Singh Rajput', 'Kiara Advani', 'Disha Patani', 'Anupam Kher']",Neeraj Pandey
Son Of Sardaar,2012-11-13,Hit,1187026310.0,Masala,141 min,54.06% (16 Ratings),670000000.0,Ajay Devgn Films |  Eros International |  Viacom 18 Motion Pictures |  YRV Infra & Media Pvt. Ltd.,"['Sanjay Dutt', 'Ajay Devgn', 'Juhi Chawla', 'Sonakshi Sinha']",Ashwini Dhir
Housefull,2010-04-30,Hit,1141826410.0,Comedy,156 min,56.00% (10 Ratings),470000000.0,Eros International |  Nadiadwala Grandson Entertainment,"['Akshay Kumar', 'Riteish Deshmukh', 'Arjun Rampal', 'Deepika Padukone']",Sajid Khan
Housefull 3,2016-06-03,Hit,1124611980.0,Comedy,134 min,63.60% (43 Ratings),970000000.0,Eros International |  Nadiadwala Grandson Entertainment,"['Akshay Kumar', 'Abhishek Bachchan', 'Riteish Deshmukh', 'Jacqueline Fernandez']",Farhad - Sajid
My Name Is Khan,2010-02-12,Hit,1121534540.0,Drama,164 min,60.46% (238 Ratings),850000000.0,Dharma Productions Pvt. Ltd. |  Fox Star Studio India Pvt. Ltd. |  Red Chillies Entertainment,"['Shahrukh Khan', 'Kajol', 'Jimmy Shergill', 'Sonya Jehan']",Karan Johar
Jolly LLB 2,2017-02-10,Hit,1120669010.0,Comedy,138 min,72.45% (49 Ratings),830000000.0,Fox Star Studio India Pvt. Ltd.,"['Akshay Kumar', 'Huma Quershi', 'Annu Kapoor', 'Saurabh Shukla']",Subhash Kapoor
Zindagi Na Milegi Dobara,2011-07-15,Hit,1107109040.0,Drama,154 min,72.83% (53 Ratings),600000000.0,Eros International |  Excel Entertainment,"['Hrithik Roshan', 'Abhay Deol', 'Farhan Akhtar', 'Katrina Kaif']",Zoya Akhtar
Ae Dil Hai Mushkil,2016-10-28,Hit,1064800000.0,Love Story,157 min,55.00% (62 Ratings),980000000.0,Dharma Productions Pvt. Ltd. |  Fox Star Studio India Pvt. Ltd.,"['Aishwarya Rai', 'Ranbir Kapoor', 'Anushka Sharma', 'Fawad Khan']",Karan Johar
Raid,2018-03-16,Hit,980200000.0,Drama,128 min,74.80% (50 Ratings),720000000.0,Panorama Studios |  T-Series,"['Ajay Devgn', ""Ileana D'Cruz"", 'Saurabh Shukla', 'Amit Sial']",Raj Kumar Gupta
Once Upon A Time In Mumbaai,2010-07-30,Hit,964488930.0,Drama,133 min,74.17% (12 Ratings),350000000.0,Balaji Motion Pictures,"['Ajay Devgn', 'Emraan Hashmi', 'Kangana Ranaut', 'Prachi Desai']",Milan Luthria
Baaghi,2016-04-29,Hit,917269460.0,Action,139 min,54.52% (21 Ratings),370000000.0,Nadiadwala Grandson Entertainment |  UTV Motion Pictures,"['Tiger Shroff', 'Shraddha Kapoor', 'Sudheer Babu Posani', 'Shifuji Bhardwaj']",Sabbir Khan
Luka Chuppi,2019-03-01,Hit,885150000.0,Rom - Com,126 min,66.00% (5 Ratings),340000000.0,Maddock Films,"['Kartik Aryan', 'Kriti Sanon', 'Vinay Pathak', 'Pankaj Tripathi']",Laxman Utekar
Badla,2019-03-08,Hit,875700000.0,Thriller,120 min,81.25% (4 Ratings),370000000.0,Azure Entertainment |  Red Chillies Entertainment,"['Amitabh Bachchan', 'Taapsee Pannu', 'Amrita Singh', 'Director Sujoy Ghosh']",Gauri Khan
Cocktail,2012-07-13,Hit,863029580.0,Rom - Com,147 min,69.41% (17 Ratings),530000000.0,Eros International |  Illuminati Films,"['Saif Ali Khan', 'Deepika Padukone', 'Diana Penty', 'Dimple Kapadia']",Homi Adajania
Yamla Pagla Deewana,2011-01-14,Hit,859182780.0,Comedy,162 min,53.33% (3 Ratings),290000000.0,One Up Entertainment Pvt. Ltd. |  Top Angle Productions,"['Dharmendra', 'Sunny Deol', 'Bobby Deol', 'Kulraj Randhawa']",Samir Karnik
Batla House,2019-08-15,Hit,849950000.0,Drama,146 min,0.00% (0 Ratings),560000000.0,Bake My Cake Films |  Emmay Entertainment |  JA Entertainment Pvt. Ltd. |  T-Series,"['John Abraham', 'Mrunal Thakur', 'Manish Chaudhary', 'Ravi Kissen']",Nikhil Advani
Pati Patni Aur Woh,2019-12-13,Hit,804100000.0,Comedy,128 min,85.00% (2 Ratings),430000000.0,BR Studios |  T-Series,"['Kartik Aryan', 'Bhumi Pednekar', 'Ananya Panday', 'Aparshakti Khurana']",Mudassar Aziz
Veere Di Wedding,2018-06-01,Hit,802700000.0,Drama,125 min,47.12% (26 Ratings),420000000.0,Anil Kapoor Films Company |  Balaji Motion Pictures |  Saffron Broadcast & Media Ltd.,"['Kareena Kapoor', 'Sonam Kapoor', 'Swara Bhaskar', 'Shikha Talsania']",Shashanka Ghosh
Satyameva Jayate,2018-08-15,Hit,796100000.0,Action,141 min,60.56% (18 Ratings),450000000.0,Emmay Entertainment |  T-Series,"['John Abraham', 'Manoj Bajpai', 'Aisha Sharma', 'Amruta Khanvilkar']",Milap Zaveri
Piku - Motion Se Hi Emotion,2015-05-08,Hit,783850000.0,Drama,125 min,52.41% (85 Ratings),420000000.0,MSM Motion Pictures |  Rising Suns Films Pvt. Ltd. |  Saraswati Entertainment,"['Amitabh Bachchan', 'Deepika Padukone', 'Irrfan Khan', 'Moushumi Chatterjee']",Shoojit Sircar
Humpty Sharma Ki Dulhania,2014-07-11,Hit,749452810.0,Rom - Com,133 min,56.07% (28 Ratings),330000000.0,Dharma Productions Pvt. Ltd.,"['Varun Dhawan', 'Alia Bhatt', 'Ashutosh Rana', 'Sidharth Shukla']",Shashank Khaitan
Andhadhun,2018-10-05,Hit,733700000.0,Thriller,139 min,86.33% (15 Ratings),320000000.0,Matchbox Pictures Pvt. Ltd. |  Viacom 18 Motion Pictures,"['Tabu', 'Ayushman Khurana', 'Radhika Apte', 'Anil Dhawan']",Sriram Raghavan
Dhadak,2018-07-20,Hit,723900000.0,Love Story,138 min,55.63% (8 Ratings),410000000.0,Dharma Productions Pvt. Ltd. |  Zee Studios,"['Ishaan Khattar', 'Jahnvi Kapoor', 'Ashutosh Rana', 'Ankit Bisht']",Karan Johar
Mere Brother Ki Dulhan,2011-09-09,Hit,720217130.0,Rom - Com,138 min,80.91% (11 Ratings),320000000.0,Yash Raj Films,"['Imran Khan', 'Katrina Kaif', 'Ali Zafar', ""Tara D'Souza""]",Ali Abbas Zafar
Raanjhanaa,2013-06-21,Hit,718678410.0,Love Story,146 min,71.47% (17 Ratings),360000000.0,Colour Yellow Picture Ltd. |  Eros International,"['Dhanush', 'Sonam Kapoor', 'Abhay Deol', 'Swara Bhaskar']",Anand L. Rai
Neerja,2016-02-19,Hit,717650000.0,Drama,122 min,76.76% (17 Ratings),280000000.0,Bling Unplugged |  Fox Star Studio India Pvt. Ltd.,"['Sonam Kapoor', 'Shabana Azmi', 'Yogendra Tikku', 'Shekhar Ravjiani']",Ram Madhvani
